{
    "loss": 6.084355354309082,
    "accuracy": 0.4264705777168274
}