{
    "loss": 1.0338488817214966,
    "accuracy": 0.44117647409439087
}